{"stats":{"minecraft:custom":{"minecraft:animals_bred":94,"minecraft:interact_with_crafting_table":329,"minecraft:bell_ring":470,"minecraft:eat_cake_slice":4,"minecraft:leave_game":169,"minecraft:time_since_death":609187,"minecraft:sprint_one_cm":3469188,"minecraft:damage_blocked_by_shield":12445,"minecraft:drop":749,"minecraft:talked_to_villager":357,"minecraft:deaths":29,"minecraft:jump":17673,"minecraft:interact_with_brewingstand":3,"minecraft:walk_on_water_one_cm":426744,"minecraft:enchant_item":24,"minecraft:interact_with_furnace":111,"minecraft:traded_with_villager":541,"minecraft:interact_with_cartography_table":2,"minecraft:play_one_minute":3440684,"minecraft:sleep_in_bed":200,"minecraft:damage_dealt":71670,"minecraft:crouch_one_cm":126328,"minecraft:use_cauldron":1,"minecraft:horse_one_cm":4308705,"minecraft:interact_with_anvil":33,"minecraft:mob_kills":457,"minecraft:fill_cauldron":1,"minecraft:climb_one_cm":137633,"minecraft:walk_one_cm":11485971,"minecraft:raid_win":2,"minecraft:sneak_time":63595,"minecraft:walk_under_water_one_cm":867159,"minecraft:boat_one_cm":3847678,"minecraft:interact_with_blast_furnace":13,"minecraft:raid_trigger":2,"minecraft:pot_flower":1,"minecraft:interact_with_stonecutter":10,"minecraft:time_since_rest":24502,"minecraft:damage_taken":19341,"minecraft:minecart_one_cm":37636,"minecraft:swim_one_cm":418457,"minecraft:fly_one_cm":1214658,"minecraft:open_chest":1843,"minecraft:fish_caught":38,"minecraft:fall_one_cm":181293},"minecraft:killed":{"minecraft:cave_spider":3,"minecraft:witch":3,"minecraft:spider":7,"minecraft:cod":3,"minecraft:skeleton":31,"minecraft:chicken":10,"minecraft:silverfish":3,"minecraft:tropical_fish":2,"minecraft:magma_cube":5,"minecraft:pig":6,"minecraft:salmon":41,"minecraft:iron_golem":1,"minecraft:creeper":7,"minecraft:sheep":33,"minecraft:trader_llama":11,"minecraft:pillager":45,"minecraft:zombie":153,"minecraft:blaze":19,"minecraft:cow":36,"minecraft:zombie_pigman":1,"minecraft:vindicator":5,"minecraft:llama":2,"minecraft:drowned":9,"minecraft:husk":5,"minecraft:bat":1,"minecraft:ravager":3,"minecraft:squid":5,"minecraft:wither_skeleton":1,"minecraft:enderman":1},"minecraft:dropped":{"minecraft:iron_sword":1,"minecraft:lapis_lazuli":18,"minecraft:diamond":56,"minecraft:crossbow":2,"minecraft:item_frame":1,"minecraft:dirt":270,"minecraft:cornflower":2,"minecraft:pumpkin_pie":24,"minecraft:bone_meal":28,"minecraft:sand":11,"minecraft:sugar":1,"minecraft:iron_pickaxe":1,"minecraft:dark_oak_boat":1,"minecraft:fishing_rod":1,"minecraft:white_wool":2,"minecraft:bone":2,"minecraft:oak_door":1,"minecraft:sugar_cane":9,"minecraft:wheat":12,"minecraft:beetroot":1,"minecraft:rotten_flesh":6,"minecraft:white_bed":1,"minecraft:salmon":2,"minecraft:carrot":73,"minecraft:poppy":2,"minecraft:beetroot_seeds":2,"minecraft:chest":1,"minecraft:arrow":2,"minecraft:enchanted_book":1,"minecraft:iron_ingot":21,"minecraft:wheat_seeds":213,"minecraft:lilac":1,"minecraft:mossy_cobblestone":6,"minecraft:diamond_leggings":1,"minecraft:oak_fence":9,"minecraft:feather":1,"minecraft:cobblestone":46,"minecraft:lead":3,"minecraft:apple":1,"minecraft:granite":55,"minecraft:tropical_fish":1,"minecraft:coal":1,"minecraft:golden_apple":3,"minecraft:stick":3,"minecraft:oxeye_daisy":1,"minecraft:milk_bucket":6,"minecraft:diorite":3,"minecraft:golden_carrot":4,"minecraft:wooden_hoe":1,"minecraft:diamond_helmet":2,"minecraft:iron_leggings":1,"minecraft:dried_kelp":3,"minecraft:pumpkin":13,"minecraft:iron_axe":2,"minecraft:cactus":1,"minecraft:bucket":1,"minecraft:lapis_block":1,"minecraft:kelp":28,"minecraft:sweet_berries":58,"minecraft:stone_sword":1,"minecraft:stone_shovel":1,"minecraft:iron_boots":1,"minecraft:flint_and_steel":1,"minecraft:diamond_sword":2,"minecraft:diamond_chestplate":1,"minecraft:diamond_pickaxe":2,"minecraft:iron_chestplate":1,"minecraft:andesite":15,"minecraft:oak_boat":2,"minecraft:carved_pumpkin":1,"minecraft:bamboo":192,"minecraft:diamond_boots":1},"minecraft:killed_by":{"minecraft:creeper":5,"minecraft:pillager":1,"minecraft:pufferfish":1,"minecraft:drowned":2,"minecraft:blaze":3,"minecraft:zombie":1,"minecraft:skeleton":6},"minecraft:picked_up":{"minecraft:birch_door":9,"minecraft:iron_chestplate":14,"minecraft:wheat":2152,"minecraft:chainmail_boots":6,"minecraft:redstone_block":30,"minecraft:nether_brick_fence":2,"minecraft:flower_pot":1,"minecraft:suspicious_stew":3,"minecraft:lead":42,"minecraft:diamond_sword":11,"minecraft:oak_stairs":9,"minecraft:enchanted_book":4,"minecraft:brewing_stand":2,"minecraft:golden_sword":1,"minecraft:lapis_block":16,"minecraft:string":140,"minecraft:cooked_salmon":21,"minecraft:iron_leggings":21,"minecraft:sticky_piston":4,"minecraft:pufferfish":28,"minecraft:oak_sign":14,"minecraft:beetroot":115,"minecraft:activator_rail":29,"minecraft:diamond_leggings":3,"minecraft:gold_nugget":17,"minecraft:bucket":53,"minecraft:spruce_planks":24,"minecraft:rose_bush":25,"minecraft:redstone_torch":24,"minecraft:cobblestone_slab":2,"minecraft:iron_pickaxe":43,"minecraft:coal_block":23,"minecraft:iron_boots":14,"minecraft:furnace":6,"minecraft:golden_helmet":1,"minecraft:stick":130,"minecraft:composter":4,"minecraft:oak_fence":130,"minecraft:torch":458,"minecraft:acacia_log":131,"minecraft:porkchop":14,"minecraft:dried_kelp":118,"minecraft:diorite":242,"minecraft:cauldron":1,"minecraft:quartz_block":1,"minecraft:stone_sword":13,"minecraft:cactus":15,"minecraft:rotten_flesh":249,"minecraft:tropical_fish":13,"minecraft:salmon_bucket":2,"minecraft:red_tulip":2,"minecraft:carved_pumpkin":17,"minecraft:blaze_rod":14,"minecraft:obsidian":16,"minecraft:cod":57,"minecraft:blaze_powder":1,"minecraft:cobblestone":6033,"minecraft:nautilus_shell":1,"minecraft:birch_log":46,"minecraft:enchanting_table":2,"minecraft:magma_block":2,"minecraft:leather_chestplate":2,"minecraft:feather":13,"minecraft:lilac":2,"minecraft:cooked_beef":30,"minecraft:water_bucket":10,"minecraft:andesite":143,"minecraft:dark_oak_boat":9,"minecraft:potato":1140,"minecraft:flint":17,"minecraft:map":1,"minecraft:lapis_lazuli":252,"minecraft:dirt":7041,"minecraft:lantern":3,"minecraft:name_tag":12,"minecraft:leather_boots":1,"minecraft:bone":103,"minecraft:acacia_planks":30,"minecraft:stonecutter":2,"minecraft:bow":15,"minecraft:wheat_seeds":7552,"minecraft:orange_tulip":2,"minecraft:diamond_helmet":5,"minecraft:bamboo":1302,"minecraft:fletching_table":2,"minecraft:glowstone_dust":141,"minecraft:stone_hoe":8,"minecraft:oak_planks":257,"minecraft:cooked_porkchop":12,"minecraft:poisonous_potato":8,"minecraft:sand":598,"minecraft:ink_sac":38,"minecraft:lily_of_the_valley":6,"minecraft:cyan_bed":1,"minecraft:dead_bush":8,"minecraft:acacia_stairs":110,"minecraft:diamond_block":3,"minecraft:dark_oak_log":26,"minecraft:mossy_cobblestone":74,"minecraft:iron_hoe":1,"minecraft:sugar":19,"minecraft:diamond":155,"minecraft:crossbow":10,"minecraft:granite":188,"minecraft:bone_meal":11,"minecraft:golden_apple":18,"minecraft:bread":42,"minecraft:emerald":37,"minecraft:jack_o_lantern":3,"minecraft:oak_sapling":53,"minecraft:netherrack":357,"minecraft:oak_leaves":155,"minecraft:diamond_pickaxe":9,"minecraft:fishing_rod":16,"minecraft:crafting_table":27,"minecraft:azure_bluet":35,"minecraft:chicken":19,"minecraft:ladder":22,"minecraft:gold_block":2,"minecraft:shield":28,"minecraft:cornflower":19,"minecraft:oak_trapdoor":9,"minecraft:iron_axe":9,"minecraft:flint_and_steel":12,"minecraft:item_frame":5,"minecraft:iron_shovel":8,"minecraft:glass_pane":105,"minecraft:cartography_table":1,"minecraft:detector_rail":30,"minecraft:beef":102,"minecraft:oak_boat":40,"minecraft:iron_nugget":1,"minecraft:poppy":110,"minecraft:lectern":9,"minecraft:minecart":23,"minecraft:sugar_cane":2721,"minecraft:chest":81,"minecraft:birch_sapling":7,"minecraft:egg":73,"minecraft:sandstone":2,"minecraft:stone":6,"minecraft:oak_door":35,"minecraft:fire_charge":2,"minecraft:white_dye":1,"minecraft:stone_button":23,"minecraft:cookie":91,"minecraft:carrot":9950,"minecraft:redstone":483,"minecraft:prismarine_crystals":4,"minecraft:dark_oak_planks":86,"minecraft:arrow":424,"minecraft:diamond_chestplate":3,"minecraft:stone_shovel":9,"minecraft:cooked_cod":79,"minecraft:beetroot_seeds":288,"minecraft:pumpkin_pie":520,"minecraft:peony":47,"minecraft:nether_bricks":55,"minecraft:shears":10,"minecraft:diamond_boots":3,"minecraft:hay_block":71,"minecraft:saddle":13,"minecraft:gold_ingot":42,"minecraft:mutton":58,"minecraft:white_wool":102,"minecraft:bone_block":1,"minecraft:rail":149,"minecraft:oxeye_daisy":20,"minecraft:tripwire_hook":12,"minecraft:golden_carrot":166,"minecraft:salmon":170,"minecraft:leather":64,"minecraft:cut_sandstone":3,"minecraft:birch_planks":59,"minecraft:filled_map":10,"minecraft:oak_log":653,"minecraft:lily_pad":18,"minecraft:golden_boots":2,"minecraft:yellow_bed":1,"minecraft:cobblestone_wall":113,"minecraft:gunpowder":28,"minecraft:cobblestone_stairs":329,"minecraft:paper":27,"minecraft:white_banner":41,"minecraft:cooked_mutton":8,"minecraft:smooth_sandstone":10,"minecraft:apple":469,"minecraft:kelp":129,"minecraft:heart_of_the_sea":1,"minecraft:iron_ingot":121,"minecraft:stone_pickaxe":5,"minecraft:iron_ore":415,"minecraft:acacia_sapling":32,"minecraft:iron_sword":30,"minecraft:book":44,"minecraft:tropical_fish_bucket":1,"minecraft:oak_slab":29,"minecraft:milk_bucket":2,"minecraft:birch_boat":17,"minecraft:pumpkin":140,"minecraft:sweet_berries":1383,"minecraft:quartz":26,"minecraft:dandelion":54,"minecraft:gravel":106,"minecraft:lava_bucket":1,"minecraft:birch_stairs":1,"minecraft:white_bed":42,"minecraft:spruce_log":15,"minecraft:gold_ore":46,"minecraft:spider_eye":8,"minecraft:leather_helmet":3,"minecraft:pumpkin_seeds":188,"minecraft:stone_axe":1,"minecraft:iron_helmet":12,"minecraft:birch_sign":12,"minecraft:black_wool":2,"minecraft:acacia_slab":106,"minecraft:coal":825},"minecraft:broken":{"minecraft:iron_shovel":6,"minecraft:iron_leggings":1,"minecraft:stone_pickaxe":3,"minecraft:stone_axe":1,"minecraft:iron_sword":2,"minecraft:stone_shovel":10,"minecraft:iron_hoe":1,"minecraft:stone_hoe":3,"minecraft:wooden_pickaxe":1,"minecraft:shield":1,"minecraft:iron_axe":1,"minecraft:iron_pickaxe":12,"minecraft:wooden_hoe":1},"minecraft:used":{"minecraft:peony":11,"minecraft:beetroot":3,"minecraft:jack_o_lantern":10,"minecraft:iron_shovel":1677,"minecraft:ladder":22,"minecraft:poppy":45,"minecraft:oak_sign":26,"minecraft:chest":111,"minecraft:iron_sword":671,"minecraft:rotten_flesh":2,"minecraft:nether_bricks":1,"minecraft:carrot":2557,"minecraft:acacia_sapling":7,"minecraft:azure_bluet":7,"minecraft:milk_bucket":3,"minecraft:lava_bucket":59,"minecraft:villager_spawn_egg":2,"minecraft:lantern":18,"minecraft:item_frame":7,"minecraft:scaffolding":8,"minecraft:oak_sapling":26,"minecraft:bow":118,"minecraft:dark_oak_boat":9,"minecraft:hay_block":52,"minecraft:sweet_berries":365,"minecraft:furnace":10,"minecraft:cooked_cod":9,"minecraft:beetroot_seeds":43,"minecraft:egg":16,"minecraft:potato":304,"minecraft:diorite":3,"minecraft:stone_pickaxe":577,"minecraft:oak_planks":305,"minecraft:lily_pad":1,"minecraft:wooden_pickaxe":148,"minecraft:sandstone":2,"minecraft:composter":7,"minecraft:sugar_cane":337,"minecraft:oak_leaves":45,"minecraft:cookie":64,"minecraft:sand":323,"minecraft:crossbow":9,"minecraft:pumpkin_seeds":80,"minecraft:shears":84,"minecraft:redstone_torch":25,"minecraft:sticky_piston":5,"minecraft:stone_button":24,"minecraft:bread":1,"minecraft:cyan_bed":1,"minecraft:lectern":16,"minecraft:gravel":2,"minecraft:diamond_sword":1103,"minecraft:fire_charge":1,"minecraft:pufferfish_bucket":1,"minecraft:andesite":25,"minecraft:oak_boat":38,"minecraft:tropical_fish_bucket":20,"minecraft:oak_fence":87,"minecraft:bone_meal":83,"minecraft:oak_trapdoor":19,"minecraft:rose_bush":10,"minecraft:stone_sword":163,"minecraft:enchanting_table":2,"minecraft:acacia_log":2,"minecraft:flint_and_steel":14,"minecraft:carved_pumpkin":4,"minecraft:stone_shovel":1375,"minecraft:redstone":38,"minecraft:dried_kelp":36,"minecraft:cooked_salmon":10,"minecraft:stone_hoe":477,"minecraft:cooked_chicken":2,"minecraft:netherrack":10,"minecraft:oak_door":37,"minecraft:torch":279,"minecraft:dirt":2223,"minecraft:brewing_stand":2,"minecraft:anvil":2,"minecraft:cobblestone_wall":32,"minecraft:cod_bucket":2,"minecraft:salmon_bucket":50,"minecraft:granite":7,"minecraft:birch_door":7,"minecraft:iron_hoe":507,"minecraft:dark_oak_planks":2,"minecraft:bookshelf":1,"minecraft:iron_axe":300,"minecraft:iron_block":12,"minecraft:oak_stairs":145,"minecraft:acacia_slab":88,"minecraft:smooth_sandstone":10,"minecraft:bamboo":432,"minecraft:golden_carrot":16,"minecraft:minecart":3,"minecraft:cooked_beef":37,"minecraft:acacia_planks":19,"minecraft:pumpkin":13,"minecraft:wheat_seeds":2329,"minecraft:cooked_mutton":7,"minecraft:water_bucket":687,"minecraft:cobblestone_stairs":181,"minecraft:birch_planks":5,"minecraft:cartography_table":2,"minecraft:cut_sandstone":2,"minecraft:birch_boat":11,"minecraft:cauldron":1,"minecraft:fletching_table":3,"minecraft:stonecutter":2,"minecraft:cobblestone_slab":22,"minecraft:mossy_cobblestone":4,"minecraft:diamond_block":4,"minecraft:rail":2,"minecraft:crafting_table":26,"minecraft:oak_slab":32,"minecraft:birch_sign":10,"minecraft:white_bed":54,"minecraft:cod":1,"minecraft:cake":1,"minecraft:oak_log":68,"minecraft:flower_pot":1,"minecraft:wooden_hoe":59,"minecraft:acacia_stairs":9,"minecraft:cornflower":13,"minecraft:diamond_pickaxe":138,"minecraft:apple":12,"minecraft:oxeye_daisy":5,"minecraft:iron_pickaxe":3876,"minecraft:suspicious_stew":2,"minecraft:stone_axe":147,"minecraft:fishing_rod":114,"minecraft:cobblestone":1178,"minecraft:potion":2,"minecraft:white_banner":17,"minecraft:bucket":798,"minecraft:glass_pane":45,"minecraft:pumpkin_pie":98,"minecraft:yellow_bed":1,"minecraft:dandelion":6,"minecraft:splash_potion":6,"minecraft:birch_stairs":1},"minecraft:crafted":{"minecraft:oak_planks":1272,"minecraft:cobblestone_slab":24,"minecraft:oak_sign":30,"minecraft:dark_oak_boat":1,"minecraft:blaze_powder":2,"minecraft:cooked_chicken":2,"minecraft:birch_boat":1,"minecraft:stone":5,"minecraft:cobblestone_stairs":40,"minecraft:bookshelf":8,"minecraft:cooked_mutton":7,"minecraft:suspicious_stew":1,"minecraft:cake":1,"minecraft:quartz_block":1,"minecraft:glass":23,"minecraft:diamond_leggings":1,"minecraft:diamond_helmet":1,"minecraft:bow":1,"minecraft:iron_boots":1,"minecraft:chest":40,"minecraft:birch_door":3,"minecraft:rail":64,"minecraft:stone_hoe":4,"minecraft:oak_fence":96,"minecraft:item_frame":4,"minecraft:oak_slab":90,"minecraft:arrow":384,"minecraft:emerald":441,"minecraft:cauldron":1,"minecraft:cooked_porkchop":4,"minecraft:crafting_table":8,"minecraft:spruce_planks":52,"minecraft:acacia_slab":144,"minecraft:wooden_pickaxe":1,"minecraft:iron_helmet":1,"minecraft:sticky_piston":3,"minecraft:gold_block":2,"minecraft:fletching_table":1,"minecraft:hay_block":81,"minecraft:birch_planks":92,"minecraft:cartography_table":1,"minecraft:apple":156,"minecraft:lectern":7,"minecraft:iron_chestplate":1,"minecraft:book":12,"minecraft:wooden_hoe":2,"minecraft:paper":1704,"minecraft:charcoal":4,"minecraft:diamond_pickaxe":1,"minecraft:emerald_block":14,"minecraft:shield":7,"minecraft:stick":297,"minecraft:iron_ingot":344,"minecraft:iron_pickaxe":8,"minecraft:iron_block":19,"minecraft:stone_sword":2,"minecraft:gold_ingot":23,"minecraft:redstone_torch":2,"minecraft:composter":2,"minecraft:fire_charge":3,"minecraft:birch_stairs":4,"minecraft:shears":3,"minecraft:golden_carrot":72,"minecraft:oak_door":9,"minecraft:cookie":72,"minecraft:redstone":81,"minecraft:coal":180,"minecraft:stone_shovel":11,"minecraft:fishing_rod":3,"minecraft:furnace":4,"minecraft:stone_button":4,"minecraft:piston":3,"minecraft:jack_o_lantern":7,"minecraft:bone_meal":72,"minecraft:oak_trapdoor":16,"minecraft:diamond_block":3,"minecraft:glass_pane":64,"minecraft:flint_and_steel":3,"minecraft:scaffolding":6,"minecraft:lantern":15,"minecraft:diamond":18,"minecraft:iron_axe":1,"minecraft:ladder":6,"minecraft:slime_ball":5,"minecraft:stone_pickaxe":5,"minecraft:diamond_boots":1,"minecraft:redstone_block":43,"minecraft:dark_oak_planks":64,"minecraft:golden_helmet":1,"minecraft:birch_sign":3,"minecraft:wheat":522,"minecraft:cooked_beef":68,"minecraft:sugar":28,"minecraft:coal_block":29,"minecraft:cooked_cod":25,"minecraft:bone_block":1,"minecraft:diamond_sword":1,"minecraft:dried_kelp":47,"minecraft:iron_sword":2,"minecraft:cooked_salmon":13,"minecraft:bucket":6,"minecraft:acacia_stairs":64,"minecraft:stone_axe":2,"minecraft:enchanted_book":10,"minecraft:bread":9,"minecraft:air":0,"minecraft:oak_boat":2,"minecraft:white_dye":1,"minecraft:chainmail_boots":1,"minecraft:oak_stairs":134,"minecraft:iron_shovel":3,"minecraft:iron_leggings":2,"minecraft:anvil":2,"minecraft:white_bed":17,"minecraft:pumpkin_pie":120,"minecraft:acacia_planks":172,"minecraft:torch":124,"minecraft:lapis_lazuli":288,"minecraft:lapis_block":33,"minecraft:diamond_chestplate":1},"minecraft:mined":{"minecraft:dark_oak_planks":2,"minecraft:spruce_planks":2,"minecraft:white_bed":39,"minecraft:oak_sapling":1,"minecraft:farmland":4,"minecraft:cobblestone_stairs":132,"minecraft:potted_cactus":2,"minecraft:obsidian":9,"minecraft:brewing_stand":2,"minecraft:carved_pumpkin":12,"minecraft:granite":110,"minecraft:acacia_log":45,"minecraft:grass_block":1863,"minecraft:frosted_ice":2,"minecraft:composter":4,"minecraft:oxeye_daisy":10,"minecraft:oak_wall_sign":10,"minecraft:spawner":1,"minecraft:magma_block":2,"minecraft:glowstone":19,"minecraft:iron_ore":285,"minecraft:sticky_piston":4,"minecraft:pumpkin":100,"minecraft:fletching_table":2,"minecraft:azure_bluet":12,"minecraft:enchanting_table":2,"minecraft:red_tulip":1,"minecraft:oak_stairs":9,"minecraft:birch_wall_sign":6,"minecraft:cut_sandstone":1,"minecraft:kelp_plant":12,"minecraft:torch":19,"minecraft:poppy":52,"minecraft:chest":71,"minecraft:dead_bush":4,"minecraft:nether_quartz_ore":9,"minecraft:cobblestone":436,"minecraft:oak_planks":63,"minecraft:sugar_cane":1278,"minecraft:cyan_bed":1,"minecraft:wall_torch":38,"minecraft:cauldron":1,"minecraft:seagrass":3,"minecraft:acacia_sapling":2,"minecraft:birch_log":24,"minecraft:wheat":1786,"minecraft:pumpkin_stem":61,"minecraft:orange_tulip":1,"minecraft:grass":389,"minecraft:oak_log":168,"minecraft:beetroots":43,"minecraft:sand":503,"minecraft:dirt":1545,"minecraft:stonecutter":2,"minecraft:netherrack":153,"minecraft:oak_leaves":272,"minecraft:attached_pumpkin_stem":12,"minecraft:diamond_ore":37,"minecraft:mossy_cobblestone":59,"minecraft:dark_oak_log":2,"minecraft:jack_o_lantern":3,"minecraft:nether_bricks":27,"minecraft:ladder":16,"minecraft:stone_button":19,"minecraft:redstone_wire":35,"minecraft:spruce_leaves":7,"minecraft:acacia_slab":6,"minecraft:kelp":4,"minecraft:cartography_table":1,"minecraft:hay_block":69,"minecraft:redstone_ore":69,"minecraft:oak_trapdoor":4,"minecraft:furnace":6,"minecraft:carrots":1887,"minecraft:andesite":78,"minecraft:diamond_block":3,"minecraft:bookshelf":4,"minecraft:potatoes":94,"minecraft:vine":1,"minecraft:rail":9,"minecraft:lantern":3,"minecraft:bamboo":100,"minecraft:stone":2499,"minecraft:redstone_wall_torch":9,"minecraft:birch_stairs":1,"minecraft:oak_slab":1,"minecraft:acacia_leaves":21,"minecraft:glass_pane":11,"minecraft:lily_of_the_valley":3,"minecraft:dandelion":11,"minecraft:oak_fence":39,"minecraft:smooth_sandstone":7,"minecraft:crafting_table":20,"minecraft:cornflower":15,"minecraft:emerald_ore":2,"minecraft:lectern":9,"minecraft:lapis_ore":16,"minecraft:diorite":133,"minecraft:birch_planks":4,"minecraft:cobblestone_wall":32,"minecraft:redstone_torch":14,"minecraft:sweet_berry_bush":231,"minecraft:ice":4,"minecraft:spruce_log":14,"minecraft:birch_leaves":4,"minecraft:white_wall_banner":9,"minecraft:yellow_bed":1,"minecraft:grass_path":60,"minecraft:coal_ore":282,"minecraft:gravel":84,"minecraft:cobweb":23,"minecraft:acacia_planks":16,"minecraft:gold_ore":26,"minecraft:infested_stone":3}},"DataVersion":2230}