{"stats":{"minecraft:killed":{"minecraft:pillager":1,"minecraft:zombie":30,"minecraft:cow":19},"minecraft:custom":{"minecraft:interact_with_furnace":10,"minecraft:mob_kills":57,"minecraft:interact_with_anvil":7,"minecraft:animals_bred":11,"minecraft:traded_with_villager":20,"minecraft:interact_with_crafting_table":10,"minecraft:play_one_minute":152797,"minecraft:bell_ring":1,"minecraft:leave_game":14,"minecraft:time_since_death":152797,"minecraft:sleep_in_bed":14,"minecraft:climb_one_cm":19105,"minecraft:time_since_rest":1703,"minecraft:sprint_one_cm":167940,"minecraft:damage_taken":690,"minecraft:walk_one_cm":492113,"minecraft:damage_blocked_by_shield":590,"minecraft:drop":32,"minecraft:damage_dealt":5128,"minecraft:swim_one_cm":7987,"minecraft:talked_to_villager":55,"minecraft:fly_one_cm":17686,"minecraft:open_chest":115,"minecraft:crouch_one_cm":4125,"minecraft:sneak_time":1877,"minecraft:walk_under_water_one_cm":28554,"minecraft:boat_one_cm":21872,"minecraft:jump":942,"minecraft:walk_on_water_one_cm":8344,"minecraft:fall_one_cm":13638,"minecraft:horse_one_cm":3163},"minecraft:mined":{"minecraft:scaffolding":9,"minecraft:dandelion":10,"minecraft:oak_fence":3,"minecraft:torch":3,"minecraft:grass_block":62,"minecraft:chest":1,"minecraft:lectern":1,"minecraft:cobblestone":1,"minecraft:wall_torch":2,"minecraft:carrots":1,"minecraft:redstone_torch":1,"minecraft:wheat":1,"minecraft:sweet_berry_bush":6,"minecraft:grass_path":12,"minecraft:grass":18,"minecraft:dirt":100,"minecraft:sand":1,"minecraft:bamboo":86,"minecraft:stone":3},"minecraft:crafted":{"minecraft:emerald":85,"minecraft:stone":67,"minecraft:enchanted_book":7,"minecraft:air":0,"minecraft:book":21,"minecraft:shield":3,"minecraft:anvil":2,"minecraft:stone_bricks":64},"minecraft:used":{"minecraft:oak_fence":3,"minecraft:wheat_seeds":67,"minecraft:water_bucket":7,"minecraft:jack_o_lantern":1,"minecraft:ladder":4,"minecraft:poppy":4,"minecraft:birch_boat":1,"minecraft:torch":3,"minecraft:dirt":154,"minecraft:sand":1,"minecraft:anvil":2,"minecraft:carrot":26,"minecraft:white_bed":4,"minecraft:milk_bucket":3,"minecraft:redstone_torch":1,"minecraft:iron_hoe":37,"minecraft:iron_pickaxe":6,"minecraft:lectern":4,"minecraft:bamboo":432,"minecraft:scaffolding":21,"minecraft:diamond_sword":180,"minecraft:sweet_berries":127,"minecraft:dark_oak_boat":2,"minecraft:bow":50,"minecraft:cooked_porkchop":2,"minecraft:bucket":11,"minecraft:pumpkin_pie":9,"minecraft:oak_boat":9,"minecraft:cooked_beef":3,"minecraft:dandelion":7},"minecraft:picked_up":{"minecraft:wheat":1,"minecraft:azure_bluet":12,"minecraft:tripwire_hook":6,"minecraft:leather":18,"minecraft:dark_oak_boat":3,"minecraft:lead":1,"minecraft:potato":1,"minecraft:oak_log":4,"minecraft:cornflower":1,"minecraft:paper":53,"minecraft:dirt":202,"minecraft:string":40,"minecraft:white_banner":1,"minecraft:bone":25,"minecraft:wheat_seeds":9,"minecraft:orange_tulip":1,"minecraft:bucket":2,"minecraft:beef":38,"minecraft:oak_boat":10,"minecraft:redstone_torch":1,"minecraft:lectern":1,"minecraft:poppy":29,"minecraft:glass_bottle":1,"minecraft:bamboo":858,"minecraft:chest":1,"minecraft:egg":1,"minecraft:scaffolding":82,"minecraft:oak_slab":1,"minecraft:stick":66,"minecraft:birch_boat":2,"minecraft:sweet_berries":2,"minecraft:oak_fence":3,"minecraft:quartz":6,"minecraft:torch":37,"minecraft:bowl":2,"minecraft:dandelion":23,"minecraft:sand":1,"minecraft:ink_sac":5,"minecraft:carrot":2,"minecraft:lily_of_the_valley":3,"minecraft:spider_eye":2,"minecraft:cauldron":1,"minecraft:arrow":1,"minecraft:rotten_flesh":68,"minecraft:beetroot_seeds":2,"minecraft:pumpkin_pie":10,"minecraft:peony":5,"minecraft:red_tulip":1,"minecraft:jack_o_lantern":1,"minecraft:cobblestone":4,"minecraft:oxeye_daisy":10},"minecraft:dropped":{"minecraft:shield":1,"minecraft:scaffolding":47},"minecraft:broken":{"minecraft:iron_boots":1}},"DataVersion":2230}