{"stats":{"minecraft:used":{"minecraft:peony":1,"minecraft:poppy":34,"minecraft:chest":47,"minecraft:iron_sword":88,"minecraft:rotten_flesh":2,"minecraft:carrot":380,"minecraft:beehive":3,"minecraft:milk_bucket":1,"minecraft:jungle_sapling":2,"minecraft:birch_sapling":18,"minecraft:stone_brick_stairs":18,"minecraft:stone_bricks":261,"minecraft:item_frame":22,"minecraft:bow":370,"minecraft:dark_oak_boat":2,"minecraft:hay_block":1,"minecraft:sweet_berries":220,"minecraft:scaffolding":73,"minecraft:oak_sapling":28,"minecraft:furnace":1,"minecraft:cooked_cod":14,"minecraft:diorite":25,"minecraft:stone_pickaxe":608,"minecraft:oak_planks":30,"minecraft:lily_pad":1,"minecraft:sugar_cane":443,"minecraft:cookie":2,"minecraft:white_wool":1,"minecraft:sand":14,"minecraft:blast_furnace":2,"minecraft:bread":155,"minecraft:lectern":1,"minecraft:diamond_sword":1079,"minecraft:andesite":36,"minecraft:oak_boat":51,"minecraft:chest_minecart":1,"minecraft:bone_meal":47,"minecraft:oak_fence":108,"minecraft:iron_bars":10,"minecraft:enchanting_table":2,"minecraft:flint_and_steel":32,"minecraft:stone_shovel":123,"minecraft:dried_kelp":3,"minecraft:netherrack":67,"minecraft:oak_door":2,"minecraft:torch":319,"minecraft:brewing_stand":4,"minecraft:dirt":991,"minecraft:anvil":1,"minecraft:granite":14,"minecraft:oak_fence_gate":1,"minecraft:iron_hoe":156,"minecraft:iron_block":4,"minecraft:iron_axe":215,"minecraft:bamboo":56,"minecraft:minecart":2,"minecraft:pumpkin":2,"minecraft:wheat_seeds":1014,"minecraft:water_bucket":231,"minecraft:iron_ore":63,"minecraft:cobblestone_stairs":274,"minecraft:smooth_sandstone_slab":4,"minecraft:cauldron":3,"minecraft:rail":218,"minecraft:terracotta":1,"minecraft:crafting_table":7,"minecraft:campfire":2,"minecraft:white_bed":122,"minecraft:wooden_hoe":30,"minecraft:apple":3,"minecraft:iron_pickaxe":6934,"minecraft:map":2,"minecraft:stone_axe":1,"minecraft:fishing_rod":51,"minecraft:cobblestone":1531,"minecraft:bucket":236,"minecraft:pumpkin_pie":3,"minecraft:yellow_bed":2,"minecraft:dandelion":26},"minecraft:custom":{"minecraft:animals_bred":5,"minecraft:interact_with_crafting_table":343,"minecraft:bell_ring":122,"minecraft:leave_game":329,"minecraft:time_since_death":2599562,"minecraft:sprint_one_cm":1564881,"minecraft:damage_blocked_by_shield":8950,"minecraft:drop":139,"minecraft:talked_to_villager":396,"minecraft:jump":13914,"minecraft:interact_with_brewingstand":4,"minecraft:walk_on_water_one_cm":829583,"minecraft:enchant_item":18,"minecraft:interact_with_furnace":238,"minecraft:traded_with_villager":422,"minecraft:play_one_minute":2599562,"minecraft:sleep_in_bed":135,"minecraft:damage_dealt":56963,"minecraft:crouch_one_cm":85559,"minecraft:use_cauldron":1,"minecraft:horse_one_cm":11583,"minecraft:interact_with_anvil":54,"minecraft:mob_kills":405,"minecraft:fill_cauldron":3,"minecraft:climb_one_cm":18671,"minecraft:walk_one_cm":12374716,"minecraft:raid_win":2,"minecraft:sneak_time":41326,"minecraft:walk_under_water_one_cm":824858,"minecraft:boat_one_cm":3921355,"minecraft:interact_with_blast_furnace":132,"minecraft:raid_trigger":1,"minecraft:time_since_rest":13713,"minecraft:damage_taken":7123,"minecraft:minecart_one_cm":8181,"minecraft:swim_one_cm":307226,"minecraft:fly_one_cm":195186,"minecraft:open_chest":1836,"minecraft:fish_caught":29,"minecraft:fall_one_cm":93474},"minecraft:mined":{"minecraft:white_bed":121,"minecraft:farmland":58,"minecraft:cobblestone_stairs":4,"minecraft:jungle_leaves":12,"minecraft:brewing_stand":3,"minecraft:granite":183,"minecraft:grass_block":282,"minecraft:jungle_log":19,"minecraft:composter":2,"minecraft:nether_wart":20,"minecraft:iron_ore":587,"minecraft:pumpkin":1,"minecraft:enchanting_table":1,"minecraft:iron_block":4,"minecraft:kelp_plant":1,"minecraft:clay":1,"minecraft:torch":7,"minecraft:blast_furnace":1,"minecraft:poppy":65,"minecraft:chest":39,"minecraft:nether_quartz_ore":1,"minecraft:cobblestone":220,"minecraft:sugar_cane":4651,"minecraft:oak_planks":5,"minecraft:smooth_sandstone_slab":4,"minecraft:wall_torch":84,"minecraft:cauldron":2,"minecraft:birch_sapling":1,"minecraft:seagrass":1,"minecraft:birch_log":108,"minecraft:wheat":1229,"minecraft:stone_brick_stairs":8,"minecraft:grass":573,"minecraft:oak_log":105,"minecraft:sand":329,"minecraft:dirt":151,"minecraft:netherrack":162,"minecraft:oak_leaves":304,"minecraft:diamond_ore":8,"minecraft:sea_lantern":2,"minecraft:nether_bricks":2,"minecraft:hay_block":27,"minecraft:redstone_ore":239,"minecraft:furnace":2,"minecraft:carrots":418,"minecraft:andesite":326,"minecraft:diamond_block":1,"minecraft:nether_brick_fence":1,"minecraft:rail":30,"minecraft:bamboo_sapling":1,"minecraft:bamboo":160,"minecraft:stone":4054,"minecraft:white_wool":1,"minecraft:cake":1,"minecraft:scaffolding":8,"minecraft:dandelion":26,"minecraft:oak_fence":18,"minecraft:crafting_table":8,"minecraft:emerald_ore":6,"minecraft:campfire":2,"minecraft:lapis_ore":27,"minecraft:diorite":326,"minecraft:beehive":1,"minecraft:sweet_berry_bush":170,"minecraft:birch_leaves":79,"minecraft:white_wall_banner":3,"minecraft:yellow_bed":2,"minecraft:grass_path":50,"minecraft:coal_ore":1217,"minecraft:gravel":107,"minecraft:cobweb":69,"minecraft:terracotta":1,"minecraft:stone_bricks":88,"minecraft:gold_ore":29,"minecraft:infested_stone":4},"minecraft:crafted":{"minecraft:oak_planks":272,"minecraft:smooth_stone":6,"minecraft:stone":206,"minecraft:cobblestone_stairs":280,"minecraft:bookshelf":1,"minecraft:iron_bars":16,"minecraft:diamond_helmet":1,"minecraft:bow":4,"minecraft:diamond_leggings":1,"minecraft:iron_boots":1,"minecraft:chest":20,"minecraft:rail":176,"minecraft:stone_bricks":200,"minecraft:oak_fence":96,"minecraft:item_frame":11,"minecraft:oak_slab":12,"minecraft:emerald":619,"minecraft:arrow":400,"minecraft:cauldron":1,"minecraft:map":4,"minecraft:spruce_planks":8,"minecraft:iron_helmet":1,"minecraft:chest_minecart":1,"minecraft:gold_block":5,"minecraft:birch_planks":312,"minecraft:hay_block":1,"minecraft:brewing_stand":1,"minecraft:campfire":2,"minecraft:stone_brick_stairs":16,"minecraft:lectern":1,"minecraft:iron_chestplate":1,"minecraft:book":11,"minecraft:paper":6528,"minecraft:charcoal":4,"minecraft:emerald_block":31,"minecraft:shield":5,"minecraft:stick":348,"minecraft:iron_ingot":617,"minecraft:compass":1,"minecraft:iron_pickaxe":25,"minecraft:iron_block":54,"minecraft:gold_ingot":31,"minecraft:shears":1,"minecraft:oak_door":3,"minecraft:coal":216,"minecraft:fishing_rod":1,"minecraft:beehive":2,"minecraft:furnace":1,"minecraft:blast_furnace":2,"minecraft:diamond_block":2,"minecraft:scaffolding":114,"minecraft:diamond":9,"minecraft:iron_axe":1,"minecraft:iron_hoe":1,"minecraft:stone_pickaxe":4,"minecraft:diamond_boots":1,"minecraft:filled_map":1,"minecraft:jungle_sapling":2,"minecraft:redstone_block":115,"minecraft:wheat":243,"minecraft:coal_block":117,"minecraft:cooked_cod":14,"minecraft:diamond_sword":2,"minecraft:enchanting_table":1,"minecraft:iron_sword":2,"minecraft:bucket":2,"minecraft:enchanted_book":21,"minecraft:bread":157,"minecraft:air":0,"minecraft:oak_fence_gate":1,"minecraft:oak_boat":1,"minecraft:gold_nugget":1,"minecraft:iron_leggings":1,"minecraft:anvil":1,"minecraft:white_bed":1,"minecraft:torch":228,"minecraft:lapis_lazuli":72,"minecraft:lapis_block":28,"minecraft:diamond_chestplate":1},"minecraft:killed":{"minecraft:witch":1,"minecraft:spider":54,"minecraft:skeleton":40,"minecraft:guardian":3,"minecraft:silverfish":3,"minecraft:magma_cube":2,"minecraft:creeper":17,"minecraft:pillager":30,"minecraft:zombie":156,"minecraft:blaze":33,"minecraft:cow":16,"minecraft:zombie_pigman":1,"minecraft:drowned":15,"minecraft:husk":2,"minecraft:wither_skeleton":11,"minecraft:enderman":4},"minecraft:dropped":{"minecraft:iron_sword":6,"minecraft:lapis_lazuli":34,"minecraft:oak_log":58,"minecraft:diamond":1,"minecraft:dirt":576,"minecraft:pumpkin_pie":134,"minecraft:iron_pickaxe":16,"minecraft:birch_log":10,"minecraft:bone":4,"minecraft:sugar_cane":2,"minecraft:wheat":1,"minecraft:rotten_flesh":8,"minecraft:glowstone_dust":94,"minecraft:nether_brick_fence":1,"minecraft:white_bed":1,"minecraft:poppy":22,"minecraft:arrow":192,"minecraft:scaffolding":16,"minecraft:quartz":1,"minecraft:netherrack":67,"minecraft:water_bucket":2,"minecraft:minecart":1,"minecraft:diamond_leggings":2,"minecraft:iron_helmet":5,"minecraft:feather":19,"minecraft:book":4,"minecraft:apple":21,"minecraft:granite":2,"minecraft:coal":2,"minecraft:torch":26,"minecraft:diamond_helmet":1,"minecraft:iron_leggings":3,"minecraft:iron_axe":1,"minecraft:paper":4,"minecraft:iron_shovel":3,"minecraft:bucket":18,"minecraft:redstone":98,"minecraft:kelp":1,"minecraft:sweet_berries":26,"minecraft:stone_sword":2,"minecraft:blaze_rod":9,"minecraft:iron_boots":2,"minecraft:nether_bricks":2,"minecraft:flint_and_steel":2,"minecraft:filled_map":5,"minecraft:diamond_sword":2,"minecraft:shield":3,"minecraft:diamond_chestplate":1,"minecraft:diamond_pickaxe":5,"minecraft:iron_chestplate":4,"minecraft:oak_sapling":3,"minecraft:bamboo":1,"minecraft:diamond_boots":1,"minecraft:bow":3},"minecraft:broken":{"minecraft:stone_pickaxe":5,"minecraft:iron_pickaxe":19},"minecraft:picked_up":{"minecraft:iron_chestplate":4,"minecraft:wheat":1146,"minecraft:nether_brick_fence":1,"minecraft:prismarine_shard":3,"minecraft:lead":19,"minecraft:diamond_sword":2,"minecraft:enchanted_book":1,"minecraft:stone_brick_stairs":8,"minecraft:brewing_stand":3,"minecraft:lapis_block":1,"minecraft:string":123,"minecraft:iron_leggings":3,"minecraft:pufferfish":10,"minecraft:beetroot":1,"minecraft:diamond_leggings":2,"minecraft:gold_nugget":7,"minecraft:bucket":18,"minecraft:iron_pickaxe":15,"minecraft:furnace":2,"minecraft:iron_boots":2,"minecraft:beehive":1,"minecraft:stick":19,"minecraft:composter":2,"minecraft:oak_fence":18,"minecraft:torch":149,"minecraft:dried_kelp":3,"minecraft:diorite":345,"minecraft:cauldron":2,"minecraft:stone_sword":3,"minecraft:rotten_flesh":224,"minecraft:tropical_fish":1,"minecraft:iron_block":4,"minecraft:blaze_rod":23,"minecraft:obsidian":8,"minecraft:cod":16,"minecraft:cobblestone":4544,"minecraft:nautilus_shell":1,"minecraft:birch_log":108,"minecraft:enchanting_table":1,"minecraft:feather":39,"minecraft:magma_cream":2,"minecraft:water_bucket":2,"minecraft:andesite":361,"minecraft:jungle_log":19,"minecraft:dark_oak_boat":2,"minecraft:potato":5,"minecraft:flint":10,"minecraft:wither_skeleton_skull":1,"minecraft:map":3,"minecraft:lapis_lazuli":246,"minecraft:dirt":1511,"minecraft:leather_boots":1,"minecraft:bone":78,"minecraft:bow":7,"minecraft:wheat_seeds":3259,"minecraft:glowstone_dust":94,"minecraft:diamond_helmet":1,"minecraft:bamboo":1574,"minecraft:honeycomb":6,"minecraft:oak_planks":5,"minecraft:poisonous_potato":6,"minecraft:sand":392,"minecraft:ink_sac":2,"minecraft:diamond_block":1,"minecraft:sugar":1,"minecraft:diamond":37,"minecraft:crossbow":2,"minecraft:granite":177,"minecraft:bone_meal":47,"minecraft:emerald":7,"minecraft:oak_sapling":24,"minecraft:netherrack":299,"minecraft:diamond_pickaxe":5,"minecraft:fishing_rod":4,"minecraft:charcoal":4,"minecraft:crafting_table":8,"minecraft:nether_wart":57,"minecraft:clay_ball":8,"minecraft:shield":4,"minecraft:iron_axe":3,"minecraft:flint_and_steel":3,"minecraft:item_frame":11,"minecraft:iron_shovel":4,"minecraft:beef":25,"minecraft:oak_boat":51,"minecraft:jungle_sapling":2,"minecraft:iron_nugget":4,"minecraft:poppy":90,"minecraft:minecart":4,"minecraft:sugar_cane":7034,"minecraft:chest":37,"minecraft:birch_sapling":11,"minecraft:egg":6,"minecraft:bowl":1,"minecraft:cookie":2,"minecraft:carrot":1582,"minecraft:redstone":1138,"minecraft:prismarine_crystals":15,"minecraft:smooth_sandstone_slab":4,"minecraft:arrow":238,"minecraft:stone_shovel":1,"minecraft:diamond_chestplate":1,"minecraft:pumpkin_pie":145,"minecraft:beetroot_seeds":3,"minecraft:peony":1,"minecraft:nether_bricks":3,"minecraft:diamond_boots":1,"minecraft:hay_block":27,"minecraft:saddle":1,"minecraft:mutton":3,"minecraft:rail":109,"minecraft:white_wool":8,"minecraft:golden_carrot":3,"minecraft:tripwire_hook":1,"minecraft:salmon":8,"minecraft:leather":22,"minecraft:filled_map":7,"minecraft:birch_planks":1,"minecraft:oak_log":123,"minecraft:lily_pad":1,"minecraft:yellow_bed":2,"minecraft:gunpowder":21,"minecraft:cobblestone_stairs":4,"minecraft:wooden_hoe":1,"minecraft:paper":26,"minecraft:white_banner":8,"minecraft:apple":26,"minecraft:stone_bricks":88,"minecraft:kelp":88,"minecraft:iron_ingot":65,"minecraft:iron_ore":583,"minecraft:iron_sword":5,"minecraft:book":19,"minecraft:scaffolding":74,"minecraft:milk_bucket":5,"minecraft:pumpkin":14,"minecraft:sweet_berries":474,"minecraft:quartz":1,"minecraft:dandelion":26,"minecraft:gravel":142,"minecraft:lava_bucket":1,"minecraft:blast_furnace":1,"minecraft:white_bed":123,"minecraft:spruce_log":1,"minecraft:gold_ore":29,"minecraft:spider_eye":15,"minecraft:iron_helmet":5,"minecraft:terracotta":1,"minecraft:coal":1289,"minecraft:ender_pearl":1}},"DataVersion":2230}